{
  "name": "game_launcher_demo",
  "outputPath": "dist",
  "releasePath": "publish",
  "extId": "8tjumwie",
  "isTestEnv": true,
  "ignore": [
    "*.md",
    "LICENSE",
    ".git/**",
    ".gitignore",
    "package-lock.json",
    ".history/**",
    ".vscode/**",
    "publish/**"
  ],
  "builder": {
    "name": "@hyext/builder-beyond",
    "config": {
      "hostId": "huyaext",
      "webSDKVersion": "latest",
      "webTitle": "虎牙小程序",
      "designWidth": 750,
      "buildConfig": {
        "RN": [],
        "H5": [
          {
            "entry": "index_streamer.js",
            "extType": "pc_anchor_panel",
            "platform": "pc"
          }
        ]
      },
      "useTaf": true,
      "https": true,
      "host": "172.21.17.10",
      "useCssLoader": true,
      "port": 18080,
      "enableLint": {
        "stylelint": false,
        "eslint": false
      },
      "enableVW": false,
      "compileNodeModules": [
        "@hyext-inner/hyext-native-modules"
      ]
    }
  }
}
